,user,local,text,retweet_count,favorite_count,created_at
0,elonmusk,Tr√∏llheim,@Benioff Awesome,539,11177,2023-04-27 19:56:02+00:00
1,elonmusk,Tr√∏llheim,@paulg Exactly,214,3747,2023-04-27 15:18:28+00:00
2,elonmusk,Tr√∏llheim,"@krassenstein Hear, hear!",419,5997,2023-04-27 15:15:17+00:00
3,elonmusk,Tr√∏llheim,@Rainmaker1973 Best textbook intro ever,483,12246,2023-04-27 15:12:04+00:00
4,elonmusk,Tr√∏llheim,"@EdKrassen @jacobincambodia I met with many other senior Democratic Party leaders too, many of whom, including Chuck Schumer, I have known for well over a decade.

The Schumer meeting was over an hour. He was kind, thoughtful and asked insightful questions about AI. This man cares about the American people.",247,2763,2023-04-27 15:11:00+00:00
5,elonmusk,Tr√∏llheim,"@EdKrassen Thanks Ed, I appreciate the kind words. 

I almost never encounter negativity in gatherings where I can engage in dialogue with people. 

When I do encounter some negativity, it‚Äôs rare that they can point to anything specific, apart from ‚Äúbad press‚Äù. 

Perhaps this comment thread‚Ä¶ https://t.co/q7jTYGUCGE",1790,33515,2023-04-27 15:07:06+00:00
6,elonmusk,Tr√∏llheim,"Anyone making materially false statements on this platform will get Community Noted, including you, me, Tucker, advertisers, head of state, etc. No exceptions. 

Convince the people and let the chips fall where they may. 

@CommunityNotes https://t.co/GLK8o7D2FS",14632,116849,2023-04-27 15:01:59+00:00
7,elonmusk,Tr√∏llheim,@FreeBeacon Noted,856,24042,2023-04-27 08:35:21+00:00
8,elonmusk,Tr√∏llheim,@therealmissjo Is this definitely accurate?,598,15469,2023-04-27 08:28:10+00:00
9,elonmusk,Tr√∏llheim,[right wing meme],1126,19333,2023-04-27 06:53:56+00:00
10,elonmusk,Tr√∏llheim,@ylecun,543,4834,2023-04-27 06:49:06+00:00
11,elonmusk,Tr√∏llheim,https://t.co/2zbtwJs7A8,5478,68375,2023-04-27 06:48:38+00:00
12,elonmusk,Tr√∏llheim,@ZubyMusic Nothing,367,7930,2023-04-27 05:59:46+00:00
13,elonmusk,Tr√∏llheim,@8teAPi @ESYudkowsky Oh great,165,2674,2023-04-27 05:37:41+00:00
14,elonmusk,Tr√∏llheim,@Scobleizer @stevewoz Blah blah GPT ‚Ä¶,206,3558,2023-04-27 05:16:34+00:00
15,elonmusk,Tr√∏llheim,@krassenstein Very much so,270,5643,2023-04-27 05:10:09+00:00
16,elonmusk,Tr√∏llheim,The data with which the Federal Reserve is making decisions has too much latency,12655,136064,2023-04-27 05:08:44+00:00
17,elonmusk,Tr√∏llheim,"@MuskUniversity Here we stand, after 13.8 billion years, a testament to the fleeting fragility of consciousness",1388,13955,2023-04-27 04:48:42+00:00
18,elonmusk,Tr√∏llheim,@DavidSacks @RobertKennedyJr Remember the Somme,178,2216,2023-04-27 04:45:50+00:00
19,elonmusk,Tr√∏llheim,@TheRabbitHole84 @jordanbpeterson Munchausen by proxy,2470,28957,2023-04-27 04:39:12+00:00
20,elonmusk,Tr√∏llheim,@SawyerMerritt Good meeting,900,20707,2023-04-27 04:36:32+00:00
21,elonmusk,Tr√∏llheim,"Met with @SenSchumer and many members of Congress about artificial intelligence regulation today.

That which affects safety of the public has, over time, become regulated to ensure that companies do not cut corners. 

AI has great power to do good and evil. Better the former.",10762,98160,2023-04-27 04:29:39+00:00
22,elonmusk,Tr√∏llheim,@growing_daniel üî•,153,3219,2023-04-27 03:48:12+00:00
23,elonmusk,Tr√∏llheim,@cb_doge Much has happened,1312,25440,2023-04-27 00:01:57+00:00
24,elonmusk,Tr√∏llheim,@ehikian @alx @bennyjohnson But not in the way it was done last time,148,2295,2023-04-26 18:18:35+00:00
25,elonmusk,Tr√∏llheim,@DrLoupis Not tolerated on this platform,32242,455900,2023-04-26 18:15:22+00:00
26,elonmusk,Tr√∏llheim,@GRDecter Quite a change,713,8974,2023-04-26 17:52:19+00:00
27,elonmusk,Tr√∏llheim,"@Timcast If you are taught to hate yourself, you will want to be someone else",17378,155725,2023-04-26 17:38:01+00:00
28,elonmusk,Tr√∏llheim,@alx @bennyjohnson Some version of them both is inevitable,433,5093,2023-04-26 16:35:51+00:00
29,elonmusk,Tr√∏llheim,"@krassenstein @ZubyMusic The Swedish study says ‚Äúsex-reassigned transsexual persons of both genders had approximately a three times higher risk of all-cause mortality than controls‚Äù. 

If we take as given that the other study 2-3X suicide rate is correct, then doing surgery or chemical sterilization on‚Ä¶ https://t.co/JTnp4EsSw5",2852,14283,2023-04-26 16:25:48+00:00
30,elonmusk,Tr√∏llheim,@paulg Good point,120,1659,2023-04-26 15:57:25+00:00
31,elonmusk,Tr√∏llheim,@SawyerMerritt @Tesla cgi irl,426,7581,2023-04-26 05:33:36+00:00
32,elonmusk,Tr√∏llheim,@pizzahut @0xgaut ü§Ø,112,2062,2023-04-26 05:31:35+00:00
33,elonmusk,Tr√∏llheim,"@Scobleizer Maybe we are LLMs, living on a GPU &amp; don‚Äôt realize it üëÄ",1019,12598,2023-04-26 05:27:19+00:00
34,elonmusk,Tr√∏llheim,@Scobleizer Kurzweil seems to be right about ~2029,390,4930,2023-04-26 03:16:49+00:00
35,elonmusk,Tr√∏llheim,"@ylecun The hard take-off is already happening. Just zoom out a little. 

The most fundamental metric imo is the ratio of digital compute to biological compute vs time. It looks like a wall.",860,8908,2023-04-26 03:12:59+00:00
36,elonmusk,Tr√∏llheim,@zoealannahbates Anyone up for the task?,225,3612,2023-04-26 03:04:42+00:00
37,elonmusk,Tr√∏llheim,@nikolas_dm !,1966,33230,2023-04-26 02:32:49+00:00
38,elonmusk,Tr√∏llheim,"@krassenstein Seems early to run an attack ad. Also, the AI will be much better next year.",731,10335,2023-04-26 02:28:21+00:00
39,elonmusk,Tr√∏llheim,@nickfloats Wow,234,3359,2023-04-25 22:00:48+00:00
40,elonmusk,Tr√∏llheim,"@EdKrassen Most people in the west accept abortion in the first trimester, but not in the third trimester. 

Europe has a lot of countries, so many variations: https://t.co/CaQ4UjVVPS",588,7180,2023-04-25 19:59:30+00:00
41,elonmusk,Tr√∏llheim,@dogeofficialceo ü§£,240,8782,2023-04-25 19:48:55+00:00
42,elonmusk,Tr√∏llheim,"@EdKrassen Fair enough then re incumbent not doing debates, although that seems like a tradition that should change",406,6212,2023-04-25 19:46:19+00:00
43,elonmusk,Tr√∏llheim,@SawyerMerritt People still don‚Äôt understand the implications of FSD,1114,23929,2023-04-25 19:43:10+00:00
44,elonmusk,Tr√∏llheim,"@TalulahRiley I‚Äôve seen quite a few technologies develop, but none with this level of risk. AGI is significantly higher risk than nuclear weapons, in my opinion.

Super smart humans have trouble imagining something vastly smarter than themselves.",1603,11816,2023-04-25 19:41:23+00:00
45,elonmusk,Tr√∏llheim,@bilawalsidhu Wow,65,1165,2023-04-25 19:33:10+00:00
46,elonmusk,Tr√∏llheim,"@TheRabbitHole84 Over the past few decades, among western elites, LGBT shifted from ostracism (or worse) to being the cool kids club",7834,100933,2023-04-25 19:26:13+00:00
47,elonmusk,Tr√∏llheim,@paulg The mass &amp; difficulty required to build a space habitat like that is extreme. Far better to have a base on the moon &amp; city on Mars.,1651,28417,2023-04-25 19:21:14+00:00
48,elonmusk,Tr√∏llheim,@krassenstein Thanks! Will keep at it.,290,3389,2023-04-25 19:09:46+00:00
49,elonmusk,Tr√∏llheim,@ispace_inc Stream on Twitter too!,435,4951,2023-04-25 15:43:42+00:00
50,elonmusk,Tr√∏llheim,@zerohedge So bizarre that people and companies don‚Äôt use money management (Treasury Bill) checking accounts and earn 4%!,1013,12835,2023-04-25 15:11:41+00:00
51,elonmusk,Tr√∏llheim,@stillgray Really? ü§î,1813,24432,2023-04-25 15:06:28+00:00
52,elonmusk,Tr√∏llheim,@_CryMiaRiver @krassenstein @ZubyMusic I repeat my statement that any parents or doctors who do this should go to prison for life,2274,13994,2023-04-25 14:49:31+00:00
53,elonmusk,Tr√∏llheim,@krassenstein @ZubyMusic Please correct if wrong @CommunityNotes,211,4140,2023-04-25 14:21:53+00:00
54,elonmusk,Tr√∏llheim,"@krassenstein @ZubyMusic Comprehensive study in Sweden shows *increased* suicide!

Death for sex-reassigned persons was higher than for controls of same birth sex, particularly death from suicide. They also had increased risk for suicide attempts and psychiatric inpatient care. 

https://t.co/hIakkEJvJb",4335,16536,2023-04-25 14:20:29+00:00
55,elonmusk,Tr√∏llheim,@zerohedge !,356,3824,2023-04-25 13:29:14+00:00
56,elonmusk,Tr√∏llheim,@zerohedge Age limit for sterilization by the state or parents too? Or is that too much to hope for.,5116,45902,2023-04-25 13:26:42+00:00
57,elonmusk,Tr√∏llheim,"@krassenstein @ZubyMusic What research?

Every child goes through an identity crisis, but leaping to a permanent solution that sterilizes them for life before they could possibly consent for themselves is wrong. Plain and simple.",3815,23965,2023-04-25 13:24:37+00:00
58,elonmusk,Tr√∏llheim,"@TheRabbitHole84 We will do our best to support candidates from all parties, so that the public may make the most informed choice. 

Far too much back room dealing seems to be happening.",4056,33959,2023-04-25 13:13:41+00:00
59,elonmusk,Tr√∏llheim,@RobertKennedyJr You and other candidates deserve that opportunity!,3305,50828,2023-04-25 13:10:45+00:00
60,elonmusk,Tr√∏llheim,@TheBabylonBee ü§£,224,4265,2023-04-25 13:03:49+00:00
61,elonmusk,Tr√∏llheim,@tegmark Exactly,232,3007,2023-04-25 12:59:33+00:00
62,elonmusk,Tr√∏llheim,@cenkuygur Wow,977,19511,2023-04-25 12:55:17+00:00
63,elonmusk,Tr√∏llheim,"@ZubyMusic I agree. This is super messed up.

Mature, consenting adults should do as they wish, so long as they do not harm anyone else, but this child was too young for any kind of consent.",2614,27768,2023-04-25 12:47:05+00:00
64,elonmusk,Tr√∏llheim,@CathieDWood Are they simply looking at old data or ignoring the bad data that they have?,443,5725,2023-04-25 12:33:09+00:00
65,elonmusk,Tr√∏llheim,@eldsjal @Spotify Congrats!,186,2685,2023-04-25 10:02:48+00:00
66,elonmusk,Tr√∏llheim,@HSajwanization @SarwatNasir @HopeMarsMission Congrats UAE üá¶üá™!!,1271,9348,2023-04-25 06:21:41+00:00
67,elonmusk,Tr√∏llheim,@alvinfoo Midjourney,255,5531,2023-04-25 06:04:52+00:00
68,elonmusk,Tr√∏llheim,"@WallStreetSilv If you weaponize currency enough times, other countries will stop using it",5978,41987,2023-04-25 06:00:54+00:00
69,elonmusk,Tr√∏llheim,@CNNPR Interesting,270,4725,2023-04-25 05:48:59+00:00
70,elonmusk,Tr√∏llheim,@krassenstein Great points!,154,2118,2023-04-25 05:21:51+00:00
71,elonmusk,Tr√∏llheim,Verified accounts are now prioritized,20063,303453,2023-04-25 05:20:46+00:00
72,elonmusk,Tr√∏llheim,@johnhackerla That meme rings a bell,482,7805,2023-04-25 05:15:16+00:00
73,elonmusk,Tr√∏llheim,"Sometimes, when you learn about something, you think you have it",11055,111762,2023-04-25 05:13:22+00:00
74,elonmusk,Tr√∏llheim,@farzyness It‚Äôs been a while since had to intervene. 11.4 is good.,315,4538,2023-04-25 05:06:20+00:00
75,elonmusk,Tr√∏llheim,@SmashMemez @alx üéØ,165,3010,2023-04-25 04:48:26+00:00
76,elonmusk,Tr√∏llheim,"@Not_the_Bee I agree with assisted suicide if someone is a mature adult, but definitely not kids. 

There is a reason we have an age of consent.",2208,37685,2023-04-25 04:23:49+00:00
77,elonmusk,Tr√∏llheim,@shaunmmaguire Ask GPT-whatever,231,4395,2023-04-25 03:34:05+00:00
78,elonmusk,Tr√∏llheim,@farzyness Our meat computers are so slow üòî,302,4661,2023-04-25 03:32:19+00:00
79,elonmusk,Tr√∏llheim,The collective mind that is this platform needs more signal &amp; less noise,9826,107594,2023-04-25 03:30:39+00:00
80,elonmusk,Tr√∏llheim,@farzyness Collective consciousness,883,10726,2023-04-25 03:29:10+00:00
81,elonmusk,Tr√∏llheim,@NoemiKhachian @TuckerCarlson @donlemon Odd Couple (2023 remake),150,3086,2023-04-25 03:28:28+00:00
82,elonmusk,Tr√∏llheim,@EdKrassen Are you ever critical of someone on the left?,10431,198195,2023-04-25 02:12:20+00:00
83,elonmusk,Tr√∏llheim,"@MuskUniversity Can‚Äôt shrink humans, so need big rocket",667,9561,2023-04-25 01:41:22+00:00
84,elonmusk,Tr√∏llheim,https://t.co/RRFH30OOvt,35173,375497,2023-04-25 01:36:55+00:00
85,elonmusk,Tr√∏llheim,@RampCapitalLLC üíØ,122,2299,2023-04-25 01:31:42+00:00
86,elonmusk,Tr√∏llheim,@cameron Exactly,371,7788,2023-04-25 01:24:40+00:00
87,elonmusk,Tr√∏llheim,@GRDecter We‚Äôre running out of ‚Äúeverything is fine!‚Äù memes,1464,15258,2023-04-25 01:16:10+00:00
88,elonmusk,Tr√∏llheim,@WallStreetSilv @alifarhat79 Literally,404,7231,2023-04-25 00:40:27+00:00
89,elonmusk,Tr√∏llheim,@JonErlichman WALL-E has decent runway,252,7141,2023-04-25 00:34:27+00:00
90,elonmusk,Tr√∏llheim,"@waitbutwhy Mind-blowing concept when you first hear it. 

There is arguably a practical maximum to digits of pi, which is the number required to divide the universe into cubes of Planck length.",536,6386,2023-04-25 00:30:09+00:00
91,elonmusk,Tr√∏llheim,"Censor not, lest ye be censored",18286,179204,2023-04-25 00:23:59+00:00
92,elonmusk,Tr√∏llheim,"@KanekoaTheGreat @DavidSacks Exactly right. If we lose freedom of speech, it‚Äôs never coming back.

Beware of censorship lest ye censored.",9147,52728,2023-04-25 00:22:51+00:00
93,elonmusk,Tr√∏llheim,"@unusual_whales Nice. Just me here @elonmusk too. If something dumb is said, it‚Äôs definitely me.",508,10948,2023-04-25 00:20:05+00:00
94,elonmusk,Tr√∏llheim,"@ErcXspace @SpaceX Gravity, gravity, 
time to escape 
that for me",402,6300,2023-04-24 23:08:25+00:00
95,elonmusk,Tr√∏llheim,Or maybe just X https://t.co/5nCtYbrPfN,6837,69621,2023-04-24 23:07:23+00:00
96,elonmusk,Tr√∏llheim,@SawyerMerritt @SpaceX @Tesla Yay!,235,5387,2023-04-24 23:04:01+00:00
97,elonmusk,Tr√∏llheim,@all_in_tok @DavidSacks @theallinpod Wow,120,1897,2023-04-24 23:02:46+00:00
98,elonmusk,Tr√∏llheim,@waitbutwhy Thanks!,108,2492,2023-04-24 23:01:28+00:00
99,elonmusk,Tr√∏llheim,@Erdayastronaut I just subscribed,185,6576,2023-04-24 22:57:11+00:00
100,elonmusk,Tr√∏llheim,@nichegamer @Marsupial_Gamer I subscribed!,70,1120,2023-04-24 22:39:14+00:00
101,elonmusk,Tr√∏llheim,@andst7 üòÖ,131,2781,2023-04-24 22:30:57+00:00
102,elonmusk,Tr√∏llheim,@investmattallen @GRDecter More,381,8399,2023-04-24 22:00:21+00:00
103,elonmusk,Tr√∏llheim,"@krassenstein To paraphrase a famous statement about democracy:

Free press is the worst form of press ‚Äì except for all the others that have been tried.",483,5795,2023-04-24 21:59:28+00:00
104,elonmusk,Tr√∏llheim,@cscarroll @GRDecter @TuckerCarlson @MrBeast Jimmy (@mrbeast) has already enabled subscriptions on this platform,70,1474,2023-04-24 21:38:24+00:00
105,elonmusk,Tr√∏llheim,"@GRDecter Or we don‚Äôt hire anyone, but simply enable content creators to prosper on this platform without applying censorship that goes beyond the law",13707,216998,2023-04-24 21:37:02+00:00
106,elonmusk,Tr√∏llheim,"We‚Äôre rapidly improving transparency &amp; fairness on this platform, but there is still a lot of work to do https://t.co/lzorcmXAnd",6867,61210,2023-04-24 21:34:45+00:00
107,elonmusk,Tr√∏llheim,Hard to believe Starship actually did launch on 4/20 lol,9302,161070,2023-04-24 21:31:00+00:00
108,elonmusk,Tr√∏llheim,@cb_doge You‚Äôd never guess it‚Äôs me!,659,20935,2023-04-24 21:17:56+00:00
109,elonmusk,Tr√∏llheim,@EvaFoxU @smithynimmy It will be soon,89,1458,2023-04-24 21:15:57+00:00
110,elonmusk,Tr√∏llheim,@WallStreetSilv I kinda love Cramer,255,5048,2023-04-24 21:10:19+00:00
111,elonmusk,Tr√∏llheim,"Content creators may wish to enable subscriptions on this platform. 

Just tap on Monetization in settings. https://t.co/CmD06Mczmn",7164,82225,2023-04-24 21:09:39+00:00
112,elonmusk,Tr√∏llheim,"@PeterDiamandis If heat death is the fate of the Universe, it really is all about the journey",268,3698,2023-04-24 21:08:04+00:00
113,elonmusk,Tr√∏llheim,We live in the most interesting of times,31212,299975,2023-04-24 21:07:13+00:00
114,elonmusk,Tr√∏llheim,@PeterDiamandis I love your relentless optimism in an otherwise pessimistic world!,537,6695,2023-04-24 20:06:02+00:00
115,elonmusk,Tr√∏llheim,@TheBabylonBee üî•ü§£,3989,63145,2023-04-24 16:14:42+00:00
116,elonmusk,Tr√∏llheim,@KanekoaTheGreat @DavidSacks Exactly,727,7923,2023-04-24 15:52:03+00:00
117,elonmusk,Tr√∏llheim,@paulg Interesting,966,20892,2023-04-24 15:50:33+00:00
118,elonmusk,Tr√∏llheim,@DavidSacks Pretty much,469,7057,2023-04-24 14:51:56+00:00
119,elonmusk,Tr√∏llheim,@DavidSacks Thoughtful article by @Politico,450,4793,2023-04-24 14:40:23+00:00
120,elonmusk,Tr√∏llheim,@slashdot üòÇ,296,4953,2023-04-24 00:25:45+00:00
121,elonmusk,Tr√∏llheim,@waitbutwhy It will be a Brave New World,2702,32192,2023-04-23 23:51:29+00:00
122,elonmusk,Tr√∏llheim,"@teslaownersSV This really opens your eyes. If they‚Äôre this wrong about Tesla, what subjects are they actually right about?",2383,23270,2023-04-23 18:03:57+00:00
123,elonmusk,Tr√∏llheim,@TrungTPhan This resonates,165,3194,2023-04-23 16:58:19+00:00
124,elonmusk,Tr√∏llheim,@BillyM2k @StockMKTNewz It has gone full beyond,417,6433,2023-04-23 16:52:50+00:00
125,elonmusk,Tr√∏llheim,@kerrikgray Intense week,561,13411,2023-04-23 16:50:19+00:00
126,elonmusk,Tr√∏llheim,@MarioNawfal Twitter is a serious danger to their ability to control the narrative,10016,67042,2023-04-23 16:45:35+00:00
127,elonmusk,Tr√∏llheim,@MarioNawfal Yup,1309,35822,2023-04-23 16:44:50+00:00
128,elonmusk,Tr√∏llheim,"@oldbooksguy Orwell was right -&gt; schools &amp; media
Huxley -&gt; public *is* heavily medicated 
Rand was also right, as you say.

We now have the perfect storm. 

Did you know that Soma is a real drug? Takes away pain, but dulls your mind.",7813,47979,2023-04-23 15:59:38+00:00
129,elonmusk,Tr√∏llheim,@parafactual üòÇ,195,4209,2023-04-23 15:54:06+00:00
130,elonmusk,Tr√∏llheim,@BillyM2k I‚Äôll take him!,1231,38455,2023-04-23 15:50:00+00:00
131,elonmusk,Tr√∏llheim,"@DogecoinNorway Or, at least, that‚Äôs what Snorri said 
https://t.co/P1N6FNqyNg",220,2545,2023-04-23 13:44:45+00:00
132,elonmusk,Tr√∏llheim,@farzyness üíØ,277,4961,2023-04-23 13:29:10+00:00
133,elonmusk,Tr√∏llheim,@isro @NSIL_India @PIB_India Congratulations!,2035,30293,2023-04-23 12:58:43+00:00
134,elonmusk,Tr√∏llheim,@TonyadeVitti @dvorahfr @kerrikgray @SweetSirenDream @foxxpup @aliciatoralll @billybumbler2 @OhCaraMia2 @helloitstanya98 @InaLendt Everything,1380,21129,2023-04-23 12:45:34+00:00
135,elonmusk,Tr√∏llheim,@alvinfoo True,262,4381,2023-04-23 09:21:37+00:00
136,elonmusk,Tr√∏llheim,@cb_doge ‚ùóÔ∏è,208,3454,2023-04-23 08:47:32+00:00
137,elonmusk,Tr√∏llheim,@BasedBeffJezos True,157,2618,2023-04-23 08:37:25+00:00
138,elonmusk,Tr√∏llheim,@MarioNawfal Good advice,383,6548,2023-04-23 08:25:24+00:00
139,elonmusk,Tr√∏llheim,@ACTBrigitte Certainly trial,4073,55434,2023-04-23 05:50:03+00:00
140,elonmusk,Tr√∏llheim,@JenniferCandoli Me,2116,92426,2023-04-23 05:45:19+00:00
141,elonmusk,Tr√∏llheim,@EvasTeslaSPlaid I wonder if you can rent them on @airbnb,473,13840,2023-04-23 05:43:21+00:00
142,elonmusk,Tr√∏llheim,@DanielleFong ü§£ü§£,130,2157,2023-04-23 05:41:35+00:00
143,elonmusk,Tr√∏llheim,@moskov @DanielleFong Thanks Dustin,166,3539,2023-04-23 05:40:39+00:00
144,elonmusk,Tr√∏llheim,@DanielleFong This is crazy. Data source?,174,2427,2023-04-23 05:39:29+00:00
145,elonmusk,Tr√∏llheim,@gummibear737 Wow,187,3568,2023-04-23 05:36:21+00:00
146,elonmusk,Tr√∏llheim,@GailAlfarATX @SpaceX @cnunezimages I subscribed!,190,3916,2023-04-23 05:35:05+00:00
147,elonmusk,Tr√∏llheim,@GailAlfarATX @SpaceX @cnunezimages Great citizen journalism!,280,6047,2023-04-23 05:34:06+00:00
148,elonmusk,Tr√∏llheim,"@StephenKing I‚Äôve donated $100M to Ukraine, how much have you donated?

(We turned down the DoD money btw) https://t.co/wpLa6dTnP6",15868,221951,2023-04-23 05:29:29+00:00
149,elonmusk,Tr√∏llheim,@unhealthytruth Good points,882,11096,2023-04-23 04:58:35+00:00
150,elonmusk,Tr√∏llheim,@AiBreakfast üíØ,215,3084,2023-04-23 03:58:15+00:00
151,elonmusk,Tr√∏llheim,https://t.co/PubSW9oJ5E,19591,312693,2023-04-23 03:30:43+00:00
152,elonmusk,Tr√∏llheim,@TheRabbitHole84 True,468,8068,2023-04-23 02:38:48+00:00
153,elonmusk,Tr√∏llheim,"@farzyness There have been several extended periods of flatness, followed by rapid rises to new plateaus",573,7982,2023-04-23 02:38:09+00:00
154,elonmusk,Tr√∏llheim,@jnsfrd Amazing,144,2360,2023-04-23 02:32:48+00:00
155,elonmusk,Tr√∏llheim,@krassenstein !,133,1833,2023-04-23 02:22:59+00:00
156,elonmusk,Tr√∏llheim,@WallStreetSilv Incentives matter,769,11463,2023-04-23 02:08:31+00:00
157,elonmusk,Tr√∏llheim,@Scobleizer Allergies,213,5047,2023-04-23 02:01:44+00:00
158,elonmusk,Tr√∏llheim,@Healthyfairy86 @unusual_whales Certainly should be same for all,327,16069,2023-04-23 00:57:10+00:00
159,elonmusk,Tr√∏llheim,@paulkrugman https://t.co/31P6jAVP2C,9114,203345,2023-04-23 00:55:27+00:00
160,elonmusk,Tr√∏llheim,@RandleDog @catturd2 @CommunityNotes ü§£,92,2127,2023-04-23 00:54:11+00:00
161,elonmusk,Tr√∏llheim,@Rainmaker1973 Mud camouflage lol https://t.co/rNRnrR1xCg,143,2093,2023-04-23 00:53:17+00:00
162,elonmusk,Tr√∏llheim,@unusual_whales Is all this just about raising the pension age from 62 to 64 or is there more to it?,6348,99464,2023-04-22 23:41:41+00:00
163,elonmusk,Tr√∏llheim,@Fathers_Writes Malaria did it for me,1172,46148,2023-04-22 23:35:42+00:00
164,elonmusk,Tr√∏llheim,The least bad solution to the AGI control problem that I can think of is to give every verified human a vote,7787,95181,2023-04-22 23:35:01+00:00
165,elonmusk,Tr√∏llheim,"@TitterDaily A troll, me?? ü§£",1014,16982,2023-04-22 22:19:33+00:00
166,elonmusk,Tr√∏llheim,@UpdatingOnRome ü™¶,113,2271,2023-04-22 22:16:35+00:00
167,elonmusk,Tr√∏llheim,https://t.co/8iNKfSwC4y,58639,649561,2023-04-22 21:48:37+00:00
168,elonmusk,Tr√∏llheim,@unusual_whales Not exactly neutral,959,14513,2023-04-22 21:34:25+00:00
169,elonmusk,Tr√∏llheim,@charliesheen You‚Äôre welcome!,1279,45621,2023-04-22 21:13:17+00:00
170,elonmusk,Tr√∏llheim,What makes @CommunityNotes so powerful is that people with different points of view have to agree that a note is correct for it to be shown,8900,107500,2023-04-22 21:12:41+00:00
171,elonmusk,Tr√∏llheim,@TrungTPhan So many Zoolander memes üòÇ,100,2033,2023-04-22 21:04:14+00:00
172,elonmusk,Tr√∏llheim,@TrungTPhan https://t.co/sYvCLNrarU,405,8151,2023-04-22 21:03:24+00:00
173,elonmusk,Tr√∏llheim,@TimSweeneyEpic üî•üî•,203,3849,2023-04-22 20:03:38+00:00
174,elonmusk,Tr√∏llheim,check mate,24861,330641,2023-04-22 19:18:47+00:00
175,elonmusk,Tr√∏llheim,@EdKrassen Do you write in defense of the truth?,750,9290,2023-04-22 19:09:19+00:00
176,elonmusk,Tr√∏llheim,"@EzerRatchaga Starship is super insane, but such a system is the only way for us to become a multiplanet civilization",2703,30990,2023-04-22 18:58:07+00:00
177,elonmusk,Tr√∏llheim,@RBReich I will pay for your blue check ‚Äì my gift to you üíï,218,3924,2023-04-22 18:55:31+00:00
178,elonmusk,Tr√∏llheim,@cb_doge @nytimes ü§£ü§£,394,8666,2023-04-22 18:32:18+00:00
179,elonmusk,Tr√∏llheim,@TimSweeneyEpic üéØ,124,2125,2023-04-22 18:30:59+00:00
180,elonmusk,Tr√∏llheim,@rpoo Well said,165,2850,2023-04-22 18:30:07+00:00
181,elonmusk,Tr√∏llheim,@RBReich Have you considered a career in comedy?,422,6399,2023-04-22 18:26:33+00:00
